5,100,hanger
6,101,kitchen_cabinet
7,102,refrigerator
8,104,desk
9,105,desk
10,106,office_chair
11,107,desk
12,108,desk
13,109,coffee_table
14,110,television
16,112,television
19,115,tv_stand
20,116,tv_stand
21,117,tv_stand
22,118,hanger
23,119,coffee_table
24,120,laptop
25,121,wardrobe_cabinet
26,122,door
27,123,hanger
28,124,wall_lamp
29,125,kitchen_cabinet
30,126,window
31,127,wall_lamp
32,128,stand
33,129,dresser
34,130,plant
35,131,refrigerator
36,132,sink
37,133,door
38,134,table_and_chair
39,135,shower
40,136,fish_tank
41,137,kitchen_cabinet
42,138,kitchen_cabinet
43,139,shower
44,140,dresser
45,141,dressing_table
46,142,chair
47,143,piano
49,145,shoes_cabinet
50,146,stand
51,147,stand
52,148,book
53,149,cup
54,150,toilet
55,151,stairs
56,152,stairs
57,153,rug
58,154,pan
59,155,sofa
60,156,sofa
61,157,sofa
62,166,armchair
63,167,sofa
64,168,sofa
65,169,sofa
66,170,sofa
67,171,coffee_table
68,172,coffee_table
69,173,coffee_table
70,174,coffee_table
71,175,wall_lamp
72,176,wall_lamp
73,178,wall_lamp
74,179,wall_lamp
75,180,wall_lamp
76,181,sink
77,182,wardrobe_cabinet
78,183,sink
79,184,wardrobe_cabinet
80,185,game_table
81,186,sink
82,187,wardrobe_cabinet
83,188,shelving
84,189,computer
85,190,baby_bed
86,191,bookshelf
87,192,shelving
88,193,shelving
89,194,wardrobe_cabinet
90,195,stand
91,196,armchair
92,197,stand
93,198,tv_stand
94,199,dressing_table
95,200,dressing_table
96,201,dressing_table
97,202,dressing_table
98,203,dressing_table
99,204,double_bed
100,205,double_bed
101,206,water_dispenser
102,207,shelving
103,208,hanger
104,209,window
107,212,window
108,213,window
109,214,door
112,217,hanger
113,218,stereo_set
114,219,dishwasher
115,220,food_processor
116,221,coffee_machine
117,222,microwave
118,223,vacuum_cleaner
119,224,iron
120,225,air_conditioner
121,226,pedestal_fan
122,227,air_conditioner
124,229,towel_rack
125,230,heater
126,232,kitchen_cabinet
127,233,stand
128,235,rug
130,237,plant
131,238,rug
132,239,mirror
133,240,floor_lamp
134,241,range_hood
135,242,fireplace
136,243,bottle
137,244,glass
138,245,cutting_board
139,246,door
140,247,door
141,248,shelving
142,249,chair
143,250,hanging_kitchen_cabinet
144,251,hanging_kitchen_cabinet
145,252,dining_table
146,253,stairs
147,254,stairs
148,255,chair
149,256,table_lamp
150,257,picture_frame
151,258,vase
152,259,sofa
153,260,sofa
154,261,sofa
155,262,sofa
156,263,ironing_board
157,264,range_oven
158,265,beer
159,266,wardrobe_cabinet
160,267,wardrobe_cabinet
161,268,shelving
162,269,wardrobe_cabinet
163,270,bunker_bed
164,271,wardrobe_cabinet
165,272,wardrobe_cabinet
166,273,desk
167,274,wardrobe_cabinet
170,277,chair
171,278,loudspeaker
172,279,switch
173,280,switch
174,281,kitchen_cabinet
175,282,kitchen_cabinet
176,283,kitchen_cabinet
177,284,kitchen_cabinet
178,285,kitchen_cabinet
179,286,hanging_kitchen_cabinet
180,287,hanging_kitchen_cabinet
181,288,kitchen_cabinet
182,289,kitchen_cabinet
183,290,kitchen_cabinet
184,291,kitchen_cabinet
185,292,shoes_cabinet
186,293,shelving
187,294,desk
188,295,kitchen_cabinet
189,311,stand
190,312,stand
192,314,mirror
193,315,stand
194,316,trash_can
195,317,trash_can
196,318,stand
197,319,books
198,320,books
199,321,sofa
200,322,toy
201,323,person
202,324,person
203,325,person
204,326,door
205,327,door
209,331,door
210,333,person
211,334,fireplace
212,335,office_chair
213,336,chair
214,337,gym_equipment
215,338,gym_equipment
216,339,gym_equipment
217,340,chessboard
218,341,fish_tank
219,342,fishbowl
220,343,kettle
221,344,kettle
222,345,playstation
223,346,person
224,347,armchair
225,348,armchair
226,349,armchair
227,350,sofa
228,351,armchair
229,352,armchair
230,353,toy
231,354,headstone
232,355,coffin
233,356,toy
234,357,toy
235,358,toy
236,359,toy
237,360,sofa
238,361,garage_door
240,363,motorcycle
241,364,car
242,365,column
243,366,column
244,367,column
254,377,outdoor_lamp
255,378,outdoor_lamp
257,380,sofa
258,381,outdoor_lamp
259,382,sofa
260,383,wardrobe_cabinet
261,384,wardrobe_cabinet
262,385,wardrobe_cabinet
263,386,wardrobe_cabinet
264,387,wardrobe_cabinet
265,388,wardrobe_cabinet
266,389,wardrobe_cabinet
267,390,shelving
268,391,wardrobe_cabinet
269,392,tv_stand
270,393,shelving
271,394,outdoor_lamp
272,395,trash_can
273,396,stand
274,397,dresser
275,398,dresser
276,399,wardrobe_cabinet
277,40,dining_table
278,403,double_bed
279,404,stand
280,405,kitchen_cabinet
281,406,hanging_kitchen_cabinet
282,407,kitchen_cabinet
283,408,kitchen_cabinet
284,409,chair
285,41,coffee_table
286,410,basketball_hoop
287,411,outdoor_seating
288,412,outdoor_seating
289,413,grill
290,414,chair
291,415,armchair
292,416,wardrobe_cabinet
293,417,desk
294,418,toilet
295,419,table_lamp
296,42,wardrobe_cabinet
297,420,sofa
298,421,table_lamp
299,422,table_lamp
300,423,table_lamp
301,424,desk
302,425,armchair
303,426,armchair
304,427,armchair
305,428,desk
306,429,chair
307,43,dryer
308,430,desk
309,431,dresser
310,432,gym_equipment
311,433,outdoor_seating
312,434,gym_equipment
313,435,gym_equipment
314,436,gym_equipment
315,437,gym_equipment
316,438,gym_equipment
317,439,gym_equipment
318,44,household_appliance
319,440,shelving
320,441,chair
321,442,dining_table
322,443,toilet
323,444,toilet
324,445,shoes_cabinet
325,446,chair
326,447,sink
327,448,shelving
328,449,armchair
329,45,hanging_kitchen_cabinet
330,450,chair
331,451,tv_stand
332,452,dining_table
333,453,toilet
334,454,tv_stand
335,455,desk
336,456,shelving
337,457,shelving
338,458,shelving
339,459,shelving
340,46,hanging_kitchen_cabinet
341,460,toy
342,461,toy
343,462,toy
344,463,plant
345,464,dresser
346,465,bathtub
347,466,bench_chair
348,467,chair
349,468,coffee_table
350,469,dresser
351,470,coffee_table
352,471,chair
353,472,coffee_table
354,473,chair
355,474,table
356,475,bench_chair
357,476,bench_chair
358,477,desk
359,478,ottoman
360,479,shoes_cabinet
361,480,dresser
362,481,wardrobe_cabinet
363,482,bookshelf
364,483,stand
365,484,workplace
366,485,desk
367,486,desk
368,487,desk
369,488,stand
370,489,stand
371,490,stand
372,491,armchair
373,492,shelving
374,493,shelving
375,494,desk
376,495,tv_stand
377,496,chair
380,499,towel_rack
381,500,chair
382,501,chair
384,503,wardrobe_cabinet
385,504,dining_table
386,505,shelving
387,506,desk
388,507,armchair
389,508,shelving
390,509,dresser
391,510,heater
392,511,armchair
393,512,wardrobe_cabinet
394,513,stand
395,514,desk
396,515,table_lamp
397,516,office_chair
398,517,floor_lamp
399,518,whiteboard
400,519,fireplace
401,520,floor_lamp
402,521,floor_lamp
403,522,piano
404,523,floor_lamp
405,524,floor_lamp
406,525,dining_table
407,526,hanger
408,527,hanger
409,528,kitchen_cabinet
410,529,vase
411,530,plates
412,531,candle
413,532,office_chair
414,533,desk
415,534,stand
416,535,armchair
417,536,utensil_holder
418,537,food_processor
419,538,knife_rack
420,539,coffee_kettle
421,540,toy
422,541,ottoman
423,542,coffee_table
424,543,coffee_table
425,544,ottoman
426,545,ottoman
427,546,coffee_table
428,547,ottoman
429,548,ottoman
430,549,coffee_table
431,550,coffee_table
432,551,coffee_table
433,552,coffee_table
434,553,ottoman
435,554,ottoman
436,555,coffee_table
437,556,coffee_table
438,557,ottoman
439,558,ottoman
440,559,ottoman
441,560,ottoman
442,561,coffee_table
443,562,pool
444,563,coffee_table
445,564,coffee_table
446,565,coffee_table
447,566,coffee_table
448,567,coffee_table
449,568,coffee_table
450,569,coffee_table
451,57,sofa
452,570,tv_stand
453,577,tv_stand
454,579,coffee_table
455,580,coffee_table
456,586,coffee_table
457,587,coffee_table
458,589,coffee_table
459,590,tv_stand
460,591,coffee_table
461,592,coffee_table
462,593,kitchen_cabinet
463,594,kitchen_cabinet
464,595,kitchen_cabinet
465,596,kitchen_cabinet
466,597,kitchen_cabinet
467,598,kitchen_cabinet
468,599,kitchen_cabinet
469,60,bathtub
470,600,kitchen_cabinet
471,601,kitchen_cabinet
472,602,kitchen_cabinet
473,603,kitchen_cabinet
474,604,kitchen_cabinet
475,605,bench_chair
476,606,wardrobe_cabinet
477,607,shelving
478,608,tv_stand
479,609,wardrobe_cabinet
480,610,wardrobe_cabinet
481,611,wardrobe_cabinet
482,612,shelving
483,613,wardrobe_cabinet
484,614,wardrobe_cabinet
485,615,dresser
486,616,tv_stand
487,617,tv_stand
488,618,tv_stand
489,620,plant
490,621,curtain
492,623,plant
493,624,plant
495,626,chandelier
496,627,chandelier
497,628,chandelier
498,629,chandelier
499,63,sofa
500,630,chandelier
501,631,chandelier
502,632,chandelier
504,634,plant
505,635,pool
506,636,chandelier
507,637,plant
508,638,wardrobe_cabinet
509,639,wardrobe_cabinet
510,64,sofa
511,640,trash_can
512,641,ATM
513,645,sofa
514,646,armchair
515,647,ottoman
516,648,toy
517,649,chandelier
518,650,ceiling_fan
519,651,xbox
520,652,kitchen_cabinet
521,653,kitchen_cabinet
522,654,dining_table
523,655,dining_table
524,656,dining_table
525,657,kitchen_cabinet
526,658,kitchen_cabinet
527,659,hanging_kitchen_cabinet
528,660,hanging_kitchen_cabinet
529,661,range_hood
530,662,kitchen_cabinet
531,663,kitchen_cabinet
532,664,dining_table
533,665,kitchen_cabinet
534,666,kitchen_cabinet
535,667,hanging_kitchen_cabinet
536,668,hanging_kitchen_cabinet
537,669,kitchen_cabinet
538,67,armchair
539,670,kitchen_cabinet
540,671,kitchen_cabinet
541,672,kitchen_cabinet
542,673,kitchen_cabinet
543,674,shelving
544,675,dining_table
545,676,dining_table
546,677,office_chair
547,678,fruit_bowl
548,679,picture_frame
551,682,bench_chair
552,683,table_lamp
553,684,table_lamp
554,685,table_lamp
555,686,goal_post
556,687,pet
557,688,pet
558,689,pet
559,69,armchair
560,690,sofa
561,691,outdoor_lamp
562,692,sofa
563,693,armchair
564,694,workplace
565,695,workplace
566,696,table_and_chair
567,697,table_and_chair
568,698,table_and_chair
569,699,table_and_chair
570,70,armchair
571,700,sofa
572,701,table_and_chair
573,702,pool
574,703,outdoor_seating
575,704,outdoor_seating
576,705,table_and_chair
577,706,outdoor_seating
578,707,outdoor_seating
579,708,outdoor_seating
580,709,chair
581,71,coffee_table
582,710,chair
583,711,chair
584,712,chair
585,713,coffee_table
586,714,coffee_table
587,715,coffee_table
588,716,coffee_table
589,717,plant
590,718,plant
591,719,plant
592,720,plant
593,721,plant
595,723,plant
596,724,plant
597,725,plant
598,726,plant
599,727,plant
600,728,plant
601,729,pool
602,73,door
603,730,pool
604,731,plant
605,732,plant
606,733,plant
607,734,plant
608,735,plant
609,736,plant
610,737,plant
611,738,plant
612,739,plant
613,74,sink
614,740,plant
615,741,plant
616,742,plant
617,743,umbrella
618,744,umbrella
619,745,sofa
620,746,umbrella
623,749,umbrella
624,75,double_bed
632,757,door
633,758,door
634,759,door
635,760,door
636,761,door
637,762,door
638,763,door
639,764,door
640,765,garage_door
641,766,window
642,767,window
643,768,door
644,769,door
645,77,double_bed
646,770,door
647,771,garage_door
648,773,wardrobe_cabinet
652,778,arch
653,779,arch
654,78,single_bed
657,782,stairs
658,783,stairs
659,784,stairs
660,785,stairs
661,786,plant
662,79,sink
663,797,roof
664,80,bathtub
665,81,bathtub
666,82,bathtub
667,83,toilet
668,85,washer
669,86,kitchen_cabinet
670,87,sink
671,88,chair
672,89,chair
673,90,chair
674,91,chair
675,92,kitchen_cabinet
676,93,tv_stand
677,94,kitchen_cabinet
678,95,shelving
679,97,shelving
680,98,dresser
681,99,kitchen_cabinet
682,s__1000,stand
683,s__1001,wardrobe_cabinet
684,s__1002,dresser
685,s__1003,coffee_table
686,s__1004,coffee_table
687,s__1005,coffee_table
688,s__1006,coffee_table
689,s__1007,coffee_table
690,s__1008,coffee_table
691,s__1009,coffee_table
692,s__1010,coffee_table
693,s__1011,coffee_table
694,s__1012,coffee_table
695,s__1013,coffee_table
696,s__1014,coffee_table
697,s__1015,coffee_table
698,s__1016,coffee_table
699,s__1017,chair
700,s__1018,coffee_table
701,s__1019,chair
702,s__1020,desk
703,s__1021,desk
704,s__1022,desk
705,s__1023,desk
706,s__1024,wall_lamp
707,s__1025,chandelier
708,s__1026,table_lamp
709,s__1027,chandelier
710,s__1028,wall_lamp
711,s__1029,kitchen_cabinet
712,s__1030,kitchen_cabinet
713,s__1031,kitchen_cabinet
714,s__1032,kitchen_cabinet
715,s__1033,kitchen_cabinet
716,s__1034,kitchen_cabinet
717,s__1035,kitchen_cabinet
718,s__1036,kitchen_cabinet
719,s__1037,coffee_table
720,s__1038,chair
721,s__1039,chair
722,s__1040,chair
723,s__1041,kitchen_set
724,s__1042,kitchen_set
725,s__1043,kitchen_set
726,s__1044,kitchen_set
727,s__1045,kitchen_set
728,s__1046,kitchen_set
729,s__1047,kitchen_set
730,s__1048,kitchen_set
731,s__1049,kitchen_set
732,s__1050,kitchen_set
733,s__1051,kitchen_cabinet
734,s__1052,kitchen_cabinet
735,s__1053,kitchen_cabinet
736,s__1054,kitchen_cabinet
737,s__1055,kitchen_cabinet
738,s__1056,kitchen_cabinet
739,s__1057,kitchen_cabinet
740,s__1058,range_oven
741,s__1059,chandelier
742,s__1060,range_hood
743,s__1061,shelving
744,s__1062,chair
745,s__1063,hanging_kitchen_cabinet
746,s__1064,kitchen_cabinet
747,s__1065,kitchen_set
748,s__1066,kitchen_cabinet
749,s__1067,sofa
750,s__1068,stand
751,s__1069,chandelier
752,s__1070,chandelier
753,s__1071,chandelier
754,s__1072,wall_lamp
755,s__1073,dining_table
756,s__1074,chair
757,s__1075,kitchen_cabinet
758,s__1076,hanging_kitchen_cabinet
759,s__1077,kitchen_cabinet
760,s__1078,kitchen_cabinet
761,s__1079,dining_table
762,s__1080,chair
763,s__1081,chandelier
764,s__1082,chandelier
765,s__1083,chair
766,s__1084,hanging_kitchen_cabinet
767,s__1085,hanging_kitchen_cabinet
768,s__1086,hanging_kitchen_cabinet
770,s__1088,kitchen_cabinet
771,s__1089,sofa
772,s__1090,rug
773,s__1091,candle
774,s__1092,ottoman
775,s__1093,armchair
776,s__1094,ottoman
777,s__1095,shelving
778,s__1096,dining_table
779,s__1097,sofa
780,s__1098,dining_table
781,s__1099,coffee_table
782,s__1100,coffee_table
783,s__1101,chair
784,s__1102,floor_lamp
785,s__1103,wall_lamp
786,s__1104,coffee_table
787,s__1105,wardrobe_cabinet
788,s__1106,coffee_table
789,s__1107,coffee_table
790,s__1108,wall_lamp
791,s__1109,table_lamp
792,s__1110,fireplace
793,s__1111,dresser
794,s__1112,sofa
795,s__1113,armchair
796,s__1114,chandelier
797,s__1115,table_lamp
798,s__1116,floor_lamp
799,s__1117,chair
800,s__1118,coffee_table
801,s__1119,dining_table
802,s__1120,dining_table
803,s__1121,chair
804,s__1122,coffee_table
805,s__1123,chair
806,s__1124,chair
807,s__1125,armchair
808,s__1126,sofa
809,s__1127,sofa
810,s__1128,candle
811,s__1129,ceiling_fan
812,s__1130,coffee_table
813,s__1131,bathtub
814,s__1132,sink
815,s__1133,chair
816,s__1134,shelving
817,s__1135,coffee_table
818,s__1136,toilet
819,s__1137,toy
820,s__1138,toilet
821,s__1139,wall_lamp
822,s__1140,wall_lamp
823,s__1141,range_oven_with_hood
824,s__1142,kitchen_cabinet
825,s__1143,kitchen_cabinet
826,s__1144,kitchen_cabinet
827,s__1145,kitchen_cabinet
828,s__1146,kitchen_cabinet
829,s__1147,kitchen_cabinet
830,s__1148,kitchen_cabinet
831,s__1149,chair
832,s__1150,hanging_kitchen_cabinet
833,s__1151,hanging_kitchen_cabinet
834,s__1152,chandelier
835,s__1153,chandelier
836,s__1154,chandelier
837,s__1155,wall_lamp
838,s__1156,kitchen_cabinet
839,s__1157,kitchen_cabinet
840,s__1158,dresser
841,s__1159,coffee_table
842,s__1160,wall_lamp
843,s__1161,dining_table
844,s__1162,dresser
845,s__1163,chair
846,s__1164,chair
848,s__1166,armchair
849,s__1167,coffee_table
851,s__1169,coffee_table
852,s__1170,dining_table
853,s__1171,sofa
854,s__1172,armchair
855,s__1173,chair
856,s__1174,floor_lamp
857,s__1175,chair
858,s__1176,armchair
859,s__1177,sofa
860,s__1178,chandelier
861,s__1179,dining_table
862,s__1180,coffee_table
863,s__1183,bookshelf
864,s__1184,bookshelf
865,s__1185,bookshelf
866,s__1186,bookshelf
867,s__1187,bookshelf
868,s__1188,bookshelf
869,s__1189,bookshelf
870,s__1190,bookshelf
871,s__1192,bookshelf
872,s__1193,bookshelf
873,s__1195,bookshelf
874,s__1196,bookshelf
875,s__1197,bookshelf
876,s__1198,wardrobe_cabinet
877,s__1199,bookshelf
878,s__1200,bookshelf
879,s__1201,workplace
880,s__1202,bookshelf
881,s__1203,bookshelf
882,s__1204,bookshelf
883,s__1205,bookshelf
884,s__1206,wardrobe_cabinet
885,s__1207,wardrobe_cabinet
886,s__1208,bookshelf
887,s__1209,bookshelf
888,s__1210,bookshelf
889,s__1211,shelving
890,s__1212,bookshelf
891,s__1213,bookshelf
892,s__1214,bookshelf
893,s__1215,bookshelf
894,s__1216,bookshelf
895,s__1217,wardrobe_cabinet
896,s__1218,wardrobe_cabinet
897,s__1219,wardrobe_cabinet
898,s__1220,wardrobe_cabinet
899,s__1221,wardrobe_cabinet
900,s__1222,desk
901,s__1223,shelving
902,s__1224,shelving
903,s__1225,desk
904,s__1226,shelving
905,s__1227,bookshelf
906,s__1228,bookshelf
907,s__1230,bookshelf
908,s__1231,bookshelf
909,s__1232,bookshelf
910,s__1234,bookshelf
911,s__1235,bookshelf
912,s__1237,bookshelf
913,s__1239,bookshelf
914,s__1240,bookshelf
915,s__1241,wardrobe_cabinet
916,s__1242,stand
917,s__1243,dressing_table
918,s__1244,dressing_table
919,s__1245,wardrobe_cabinet
920,s__1246,double_bed
921,s__1247,double_bed
922,s__1248,bathtub
923,s__1249,sink
924,s__1250,toilet
925,s__1251,toilet
926,s__1252,wardrobe_cabinet
927,s__1253,wardrobe_cabinet
928,s__1254,chair
929,s__1255,chandelier
930,s__1256,wall_lamp
931,s__1257,wall_lamp
932,s__1258,workplace
933,s__1259,workplace
934,s__1260,workplace
935,s__1261,workplace
936,s__1262,workplace
937,s__1265,workplace
938,s__1268,wall_lamp
940,s__1270,sink
941,s__1271,wall_lamp
943,s__1273,sink
944,s__1274,wall_lamp
947,s__1277,sink
948,s__1278,wall_lamp
949,s__1279,sink
950,s__1280,wall_lamp
951,s__1281,dresser
952,s__1282,wall_lamp
953,s__1283,sink
954,s__1284,bathtub
955,s__1285,shower
956,s__1286,sofa
957,s__1287,coffee_table
958,s__1288,armchair
959,s__1289,ottoman
960,s__1290,sofa
961,s__1291,vase
962,s__1292,chandelier
964,s__1294,dresser
965,s__1295,dining_table
966,s__1296,floor_lamp
967,s__1297,table_lamp
968,s__1298,coffee_table
969,s__1299,wardrobe_cabinet
970,s__1300,shelving
971,s__1301,vase
972,s__1302,double_bed
973,s__1303,armchair
974,s__1304,desk
975,s__1305,chair
976,s__1306,table_lamp
977,s__1307,stand
978,s__1308,ottoman
979,s__1309,fireplace
980,s__1310,wall_lamp
981,s__1311,table_lamp
983,s__1313,fireplace
984,s__1314,chair
985,s__1315,stand
986,s__1316,coffee_table
987,s__1317,coffee_table
988,s__1318,table_lamp
989,s__1319,bathtub
990,s__1320,sink
991,s__1321,toilet_paper
992,s__1322,shower
993,s__1323,sink
994,s__1324,ottoman
995,s__1325,wall_lamp
996,s__1326,towel_hanger
997,s__1327,towel_hanger
999,s__1329,wall_lamp
1000,s__1330,sofa
1001,s__1331,ottoman
1002,s__1332,coffee_table
1003,s__1333,chandelier
1004,s__1334,chair
1005,s__1335,plant
1006,s__1336,tv_stand
1007,s__1337,armchair
1008,s__1338,desk
1010,s__1340,armchair
1011,s__1341,table_lamp
1012,s__1342,table_lamp
1013,s__1343,toy
1014,s__1344,tricycle
1015,s__1345,toy
1016,s__1346,toy
1017,s__1347,toy
1018,s__1348,toy
1019,s__1349,toy
1020,s__1350,toy
1021,s__1351,toy
1022,s__1352,toy
1023,s__1353,desk
1024,s__1354,desk
1025,s__1355,wardrobe_cabinet
1026,s__1356,wardrobe_cabinet
1027,s__1357,wardrobe_cabinet
1028,s__1358,wardrobe_cabinet
1029,s__1359,wardrobe_cabinet
1030,s__1360,wardrobe_cabinet
1031,s__1361,wardrobe_cabinet
1032,s__1362,shelving
1033,s__1363,desk
1034,s__1364,desk
1035,s__1365,desk
1036,s__1366,desk
1037,s__1367,desk
1038,s__1368,tv_stand
1039,s__1369,wardrobe_cabinet
1040,s__1370,stand
1041,s__1371,wardrobe_cabinet
1042,s__1372,desk
1043,s__1374,desk
1044,s__1377,desk
1045,s__1378,wardrobe_cabinet
1046,s__1379,wardrobe_cabinet
1047,s__1382,wardrobe_cabinet
1048,s__1384,stand
1049,s__1392,desk
1050,s__1393,desk
1051,s__1394,desk
1052,s__1396,table
1053,s__1398,wardrobe_cabinet
1054,s__1399,wardrobe_cabinet
1055,s__1400,bookshelf
1056,s__1401,bookshelf
1057,s__1402,bookshelf
1058,s__1403,bookshelf
1059,s__1404,wardrobe_cabinet
1060,s__1405,wardrobe_cabinet
1061,s__1406,wardrobe_cabinet
1062,s__1407,wardrobe_cabinet
1063,s__1408,wardrobe_cabinet
1064,s__1410,shelving
1065,s__1411,shelving
1066,s__1412,shelving
1067,s__1413,wardrobe_cabinet
1068,s__1414,wardrobe_cabinet
1069,s__1415,stand
1070,s__1416,stand
1071,s__1418,desk
1072,s__1419,desk
1073,s__1422,desk
1074,s__1423,desk
1075,s__1426,desk
1076,s__1427,desk
1077,s__1428,desk
1078,s__1429,desk
1079,s__1431,table
1080,s__1432,table
1081,s__1433,table
1082,s__1434,toy
1083,s__1435,shelving
1084,s__1438,table
1085,s__1439,table
1086,s__1443,stand
1087,s__1445,bookshelf
1088,s__1446,wardrobe_cabinet
1089,s__1448,bookshelf
1090,s__1452,desk
1091,s__1461,desk
1092,s__1462,toy
1093,s__1465,wardrobe_cabinet
1094,s__1467,wardrobe_cabinet
1095,s__1473,desk
1096,s__1474,desk
1097,s__1476,desk
1098,s__1486,stand
1099,s__1487,shelving
1102,s__1492,partition
1103,s__1493,wardrobe_cabinet
1104,s__1494,stand
1105,s__1495,desk
1106,s__1496,desk
1107,s__1497,wardrobe_cabinet
1108,s__1498,wardrobe_cabinet
1109,s__1499,desk
1111,s__1501,double_bed
1112,s__1502,double_bed
1113,s__1503,single_bed
1114,s__1504,office_chair
1115,s__1505,chair
1116,s__1506,chair
1117,s__1507,office_chair
1118,s__1508,office_chair
1119,s__1509,wardrobe_cabinet
1120,s__1510,desk
1121,s__1511,wardrobe_cabinet
1122,s__1512,wardrobe_cabinet
1123,s__1513,wardrobe_cabinet
1124,s__1514,bookshelf
1125,s__1515,stand
1126,s__1516,desk
1127,s__1517,tv_stand
1128,s__1518,shelving
1129,s__1519,office_chair
1130,s__1520,office_chair
1131,s__1521,office_chair
1132,s__1522,office_chair
1133,s__1523,office_chair
1134,s__1524,office_chair
1135,s__1525,office_chair
1136,s__1526,office_chair
1137,s__1527,office_chair
1138,s__1528,office_chair
1139,s__1529,office_chair
1140,s__1531,office_chair
1141,s__1532,office_chair
1142,s__1533,office_chair
1143,s__1534,office_chair
1144,s__1535,office_chair
1145,s__1536,office_chair
1146,s__1537,office_chair
1147,s__1539,office_chair
1148,s__1540,toy
1149,s__1541,plant
1150,s__1542,outdoor_lamp
1151,s__1543,plant
1153,s__1545,grill
1154,s__1546,coffee_table
1155,s__1547,chair
1156,s__1548,kitchen_cabinet
1158,s__1550,armchair
1159,s__1551,coffee_table
1160,s__1552,sink
1161,s__1553,bathtub
1162,s__1554,trash_can
1163,s__1555,shower
1165,s__1557,chandelier
1166,s__1558,wall_lamp
1168,s__1560,toy
1169,s__1561,ottoman
1170,s__1562,double_bed
1171,s__1563,pet
1172,s__1631,pet
1173,s__1632,pet
1174,s__1633,pet
1175,s__1634,pet
1176,s__1635,pet
1177,s__1636,pet
1178,s__1637,pet
1179,s__1638,pet
1180,s__1639,fishbowl
1181,s__1640,pet
1182,s__1641,clock
1183,s__1642,clock
1184,s__1643,clock
1185,s__1644,toy
1186,s__1645,gramophone
1187,s__1646,toy
1188,s__1647,rug
1189,s__1648,telephone
1191,s__1650,pillow
1192,s__1651,pillow
1193,s__1652,pillow
1194,s__1653,pillow
1195,s__1654,pillow
1196,s__1655,toy
1197,s__1656,toy
1198,s__1657,toy
1199,s__1658,toy
1201,s__1660,cup
1202,s__1661,toy
1203,s__1662,toy
1204,s__1663,toy
1205,s__1664,dresser
1206,s__1665,armchair
1207,s__1666,armchair
1208,s__1667,dining_table
1209,s__1668,armchair
1210,s__1669,coffee_table
1211,s__1670,fireplace
1212,s__1671,dresser
1213,s__1672,sofa
1214,s__1673,ottoman
1215,s__1674,sofa
1216,s__1675,floor_lamp
1217,s__1676,chandelier
1218,s__1677,table_lamp
1219,s__1678,table_lamp
1220,s__1679,chair
1221,s__1680,toilet
1222,s__1681,toilet
1223,s__1682,toilet
1224,s__1683,stand
1225,s__1684,toilet
1226,s__1685,sink
1227,s__1686,sink
1230,s__1689,sink
1231,s__1690,sink
1232,s__1691,sink
1233,s__1692,sink
1234,s__1693,bathtub
1235,s__1694,bathtub
1236,s__1695,bathtub
1237,s__1696,bathtub
1238,s__1697,bathtub
1239,s__1698,table_lamp
1240,s__1699,chandelier
1241,s__1700,armchair
1242,s__1701,chair
1243,s__1702,dining_table
1244,s__1703,chandelier
1245,s__1704,double_bed
1246,s__1705,chair
1247,s__1706,wardrobe_cabinet
1248,s__1707,chandelier
1249,s__1708,chandelier
1250,s__1709,floor_lamp
1251,s__1710,chair
1252,s__1711,chair
1253,s__1712,chair
1254,s__1713,dresser
1255,s__1714,double_bed
1256,s__1715,chair
1257,s__1716,dining_table
1258,s__1717,chair
1259,s__1718,dining_table
1260,s__1719,floor_lamp
1261,s__1720,coffee_table
1262,s__1721,table_lamp
1263,s__1722,car
1264,s__1723,car
1265,s__1724,car
1266,s__1725,car
1267,s__1726,wardrobe_cabinet
1268,s__1727,wardrobe_cabinet
1269,s__1728,stand
1270,s__1730,wardrobe_cabinet
1271,s__1732,dresser
1272,s__1735,wardrobe_cabinet
1273,s__1736,stand
1274,s__1737,wardrobe_cabinet
1275,s__1738,dresser
1276,s__1739,kitchen_cabinet
1277,s__1741,dining_table
1278,s__1742,game_table
1279,s__1743,wardrobe_cabinet
1280,s__1744,wardrobe_cabinet
1281,s__1745,wardrobe_cabinet
1282,s__1746,office_chair
1283,s__1747,office_chair
1284,s__1748,chair
1285,s__1749,sofa
1286,s__1750,sofa
1287,s__1751,sofa
1288,s__1752,bicycle
1289,s__1753,bicycle
1290,s__1760,sofa
1291,s__1761,chair
1292,s__1762,door
1293,s__1763,door
1294,s__1764,door
1295,s__1765,door
1296,s__1766,door
1297,s__1767,door
1298,s__1768,door
1299,s__1769,door
1300,s__1770,door
1301,s__1771,door
1302,s__1772,door
1303,s__1773,door
1304,s__1774,double_bed
1305,s__1775,double_bed
1306,s__1776,double_bed
1307,s__1777,double_bed
1308,s__1778,wardrobe_cabinet
1309,s__1779,person
1310,s__1780,person
1311,s__1781,person
1312,s__1782,person
1313,s__1783,person
1314,s__1784,person
1315,s__1785,person
1316,s__1786,person
1317,s__1787,person
1318,s__1788,person
1319,s__1789,stand
1320,s__1790,wardrobe_cabinet
1321,s__1791,double_bed
1322,s__1792,double_bed
1323,s__1793,vase
1324,s__1794,vase
1325,s__1795,vase
1326,s__1796,vase
1327,s__1797,vase
1328,s__1798,vase
1329,s__1799,vase
1330,s__1800,vase
1331,s__1801,vase
1332,s__1802,vase
1333,s__1803,vase
1334,s__1804,vase
1335,s__1805,vase
1336,s__1806,vase
1337,s__1807,vase
1338,s__1808,vase
1339,s__1809,vase
1340,s__1810,vase
1341,s__1811,vase
1342,s__1812,vase
1343,s__1813,magazines
1344,s__1814,cellphone
1345,s__1815,camera
1346,s__1816,ipad
1347,s__1817,tripod
1348,s__1818,toy
1349,s__1819,telephone
1350,s__1820,stationary_container
1351,s__1821,headphones_on_stand
1352,s__1822,helmet
1353,s__1823,shoes
1354,s__1824,cup
1355,s__1825,food_tray
1356,s__1826,jug
1357,s__1827,containers
1358,s__1828,utensil_holder
1362,s__1832,teapot
1363,s__1833,cup
1364,s__1834,jug
1365,s__1835,container
1366,s__1836,fruit_bowl
1367,s__1837,coffee_table
1368,s__1838,table_lamp
1369,s__1839,chandelier
1370,s__1840,table_lamp
1371,s__1841,chandelier
1372,s__1842,double_bed
1373,s__1843,double_bed
1374,s__1844,bread
1375,s__1845,trinket
1376,s__1846,trinket
1377,s__1847,trinket
1378,s__1848,trinket
1379,s__1849,mortar_and_pestle
1380,s__1850,food
1381,s__1851,place_setting
1382,s__1852,trinket
1383,s__1853,trinket
1384,s__1854,armchair
1385,s__1855,trinket
1386,s__1856,trinket
1387,s__1857,trinket
1388,s__1858,toy
1389,s__1859,toy
1390,s__1860,candle
1391,s__1861,candle
1392,s__1862,candle
1393,s__1863,stand
1394,s__1864,candle
1395,s__1865,trinket
1396,s__1866,trinket
1397,s__1867,toy
1398,s__1868,toy
1399,s__1869,toy
1400,s__1870,toy
1401,s__1871,dining_table
1402,s__1872,coffee_table
1403,s__1873,bench_chair
1404,s__1874,dining_table
1406,s__1876,armchair
1407,s__1877,chair
1408,s__1878,floor_lamp
1409,s__1879,sofa
1410,s__1880,table_lamp
1411,s__1881,chandelier
1412,s__1882,sofa
1413,s__1883,chandelier
1414,s__1884,dresser
1415,s__1885,armchair
1416,s__1886,chair
1417,s__1887,ottoman
1418,s__1888,coffee_table
1420,s__1890,hanger
1421,s__1891,hanger
1422,s__1892,coffee_table
1423,s__1893,dining_table
1424,s__1894,coffee_table
1425,s__1895,curtain
1426,s__1896,curtain
1427,s__1897,curtain
1429,s__1899,curtain
1430,s__1900,curtain
1433,s__1903,curtain
1434,s__1904,motorcycle
1435,s__1905,chair
1436,s__1906,chair
1437,s__1907,table
1438,s__1908,bench_chair
1439,s__1909,chair
1440,s__1910,fireplace
1441,s__1911,outdoor_spring
1442,s__1912,table
1443,s__1913,outdoor_lamp
1444,s__1914,chandelier
1445,s__1915,bench_chair
1446,s__1916,coffee_table
1447,s__1917,outdoor_lamp
1448,s__1918,chair
1449,s__1919,coffee_table
1450,s__1920,bench_chair
1451,s__1921,chandelier
1453,s__1923,wood_board
1454,s__1924,shelving
1455,s__1925,stand
1456,s__1926,bench_chair
1457,s__1927,chair
1458,s__1928,dining_table
1459,s__1929,dining_table
1460,s__1930,hanger
1461,s__1931,chair
1462,s__1932,chair
1463,s__1933,candle
1464,s__1934,kitchen_cabinet
1465,s__1935,chandelier
1466,s__1936,ladder
1468,s__1938,ottoman
1469,s__1939,bathtub
1470,s__1940,desk
1471,s__1941,stand
1472,s__1942,sink
1473,s__1943,sink
1474,s__1944,wall_lamp
1475,s__1945,wall_lamp
1476,s__1946,sink
1477,s__1947,shower
1478,s__1948,shower
1479,s__1949,cloth
1480,s__1950,drinkbar
1481,s__1951,dresser
1482,s__1952,coffee_table
1483,s__1953,dresser
1484,s__1954,game_table
1485,s__1955,game_table
1486,s__1956,slot_machine
1487,s__1957,person
1488,s__1958,person
1489,s__1959,person
1490,s__1960,person
1491,s__1961,person
1492,s__1962,person
1493,s__1963,toy
1494,s__1964,poker_chips
1495,s__1965,slot_machine_and_chair
1496,s__1966,kettle
1497,s__1967,cooker
1498,s__1968,food_processor
1499,s__1969,toaster
1500,s__1970,food_processor
1501,s__1971,coffee_machine
1502,s__1972,food_processor
1503,s__1973,refrigerator
1504,s__1974,fireplace
1505,s__1975,coffee_table
1506,s__1976,double_bed
1507,s__1977,chandelier
1509,s__1979,ottoman
1510,s__1980,coffee_table
1511,s__1981,coffee_table
1512,s__1982,coffee_table
1513,s__1983,table_lamp
1514,s__1984,tv_stand
1515,s__1985,armchair
1516,s__1986,tv_stand
1517,s__1987,dining_table
1518,s__1988,coffee_table
1519,s__1989,coffee_table
1520,s__1990,chair
1521,s__1991,armchair
1522,s__1992,coffee_table
1523,s__1993,sofa
1524,s__1994,candle
1525,s__1995,chandelier
1526,s__1996,single_bed
1527,s__1997,stand
1528,s__1998,ottoman
1529,s__1999,ottoman
1530,s__2000,ottoman
1531,s__2001,single_bed
1532,s__2002,double_bed
1533,s__2003,chair
1534,s__2004,chair
1535,s__2005,desk
1536,s__2006,ottoman
1538,s__2008,table_lamp
1539,s__2009,table_lamp
1540,s__2010,window
1541,s__2011,window
1542,s__2012,window
1543,s__2013,window
1548,s__2019,window
1549,s__2020,stand
1550,s__2021,dresser
1551,s__2022,bookshelf
1552,s__2023,coffee_table
1553,s__2024,wall_lamp
1555,s__2026,candle
1556,s__2027,coffee_table
1557,s__2028,table_lamp
1558,s__2029,picture_frame
1559,s__2030,chair
1560,s__2031,drumset
1561,s__2032,guitar
1562,s__2033,amplifier
1563,s__2034,keyboard
1564,s__2035,microphone
1565,s__2036,accordion
1566,s__2037,theremin
1567,s__2038,double_bed
1568,s__2039,stand
1569,s__2040,kitchen_cabinet
1570,s__2041,curtain
1571,s__2042,dresser
1572,s__2043,wardrobe_cabinet
1573,s__2044,wardrobe_cabinet
1574,s__2045,dressing_table
1575,s__2046,dining_table
1576,s__2047,stand
1577,s__2048,double_bed
1578,s__2049,chair
1579,s__2050,hanger
1580,s__2051,stand
1581,s__2052,wardrobe_cabinet
1582,s__2053,dresser
1583,s__2054,wardrobe_cabinet
1584,s__2055,double_bed
1585,s__2056,wardrobe_cabinet
1586,s__2057,wardrobe_cabinet
1587,s__2058,dresser
1588,s__2059,armchair
1589,s__2060,sofa
1590,s__2061,armchair
1591,s__2062,armchair
1592,s__2083,toy
1593,s__2084,toy
1594,s__2085,toy
1595,s__2086,toy
1596,s__2087,toy
1597,s__2088,toy
1598,s__2089,double_bed
1599,s__2090,wardrobe_cabinet
1600,s__2091,wardrobe_cabinet
1601,s__2092,wardrobe_cabinet
1602,s__2093,bookshelf
1603,s__2094,bookshelf
1604,s__2095,tv_stand
1605,s__2096,tv_stand
1606,s__2097,stand
1607,s__2098,stand
1608,s__2099,stand
1609,s__2100,stand
1610,s__2101,stand
1611,s__2103,wardrobe_cabinet
1612,s__2104,tv_stand
1613,s__2105,wardrobe_cabinet
1614,s__2106,tv_stand
1615,s__2107,tv_stand
1616,s__2108,shelving
1617,s__2109,shelving
1618,s__2110,tv_stand
1619,s__2111,stand
1620,s__2112,tv_stand
1621,s__2113,desk
1622,s__2114,workplace
1623,s__2115,desk
1624,s__2116,desk
1625,s__2117,desk
1626,s__2118,desk
1627,s__2119,desk
1628,s__2120,coffee_table
1629,s__2121,coffee_table
1630,s__2122,tv_stand
1631,s__2123,workplace
1632,s__2124,tv_stand
1633,s__2125,workplace
1634,s__2126,shelving
1635,s__2127,tv_stand
1636,s__2129,tv_stand
1637,s__2130,shelving
1638,s__2131,shelving
1639,s__2132,double_bed
1640,s__2133,workplace
1641,s__2134,workplace
1642,s__2135,workplace
1643,s__2136,workplace
1644,s__2137,workplace
1645,s__2138,workplace
1646,s__2139,workplace
1647,s__2140,workplace
1648,s__2141,workplace
1649,s__2142,shelving
1650,s__2143,workplace
1651,s__2144,workplace
1652,s__2145,desk
1653,s__2146,shelving
1654,s__2147,workplace
1655,s__2148,workplace
1656,s__2149,workplace
1657,s__2150,workplace
1658,s__2151,workplace
1659,s__2153,desk
1660,s__2154,desk
1661,s__2155,desk
1662,s__2156,sofa
1663,s__2157,sofa
1664,s__2158,sofa
1665,s__2159,sofa
1666,s__2160,sofa
1667,s__2161,sofa
1668,s__2162,sofa
1669,s__2163,sofa
1670,s__2164,sofa
1671,s__2165,sofa
1672,s__2166,sofa
1673,s__2167,armchair
1674,s__2168,armchair
1675,s__2169,armchair
1676,s__2170,armchair
1677,s__2171,sofa
1678,s__2172,armchair
1679,s__2173,sofa
1680,s__2174,armchair
1681,s__2175,armchair
1682,s__2176,sofa
1683,s__2177,armchair
1684,s__2178,armchair
1685,s__2179,armchair
1686,s__2180,armchair
1687,s__2181,ottoman
1688,s__2182,ottoman
1689,s__2183,armchair
1690,s__2184,ottoman
1691,s__2185,armchair
1692,s__2186,ottoman
1693,s__2187,chair
1694,s__2188,chair
1695,s__2189,chair
1696,s__2190,armchair
1697,s__2191,armchair
1698,s__2192,chair
1699,s__2193,chair
1700,s__2194,armchair
1701,s__2195,armchair
1702,s__2196,armchair
1703,s__2197,chair
1704,s__2235,chair
1705,s__2236,ottoman
1706,s__2237,bench_chair
1707,s__2238,desk
1708,s__2240,wardrobe_cabinet
1709,s__2241,wardrobe_cabinet
1710,s__2244,desk
1711,s__2245,desk
1712,s__2254,toy
1713,s__2255,chair
1714,s__2256,chair
1715,s__2257,chair
1716,s__2258,bench_chair
1717,s__2259,chair
1718,s__2260,bench_chair
1719,s__2261,chair
1720,s__2262,chair
1721,s__2263,chair
1722,s__2264,chair
1723,s__2265,chair
1724,s__2266,chair
1725,s__2267,chair
1726,s__2268,sofa
1727,s__2269,chair
1728,s__2270,chair
1729,s__2271,chair
1730,s__2272,chair
1731,s__2273,fireplace
1732,s__2274,fireplace
1733,s__2275,fireplace
1734,s__2276,fireplace
1735,s__2277,fireplace
1736,s__2278,fireplace
1737,s__2279,fireplace
1738,s__2280,fireplace
1739,s__2281,fireplace
1740,s__2282,fireplace
1741,s__2283,fireplace
1742,s__2284,fireplace
1743,s__2285,fireplace
1744,s__2286,fireplace
1745,s__2287,coffee_table
1746,s__2288,coffee_table
1747,s__2289,coffee_table
1748,s__2290,cart
1749,s__2291,cart
1750,s__2292,coffee_table
1751,s__2293,coffee_table
1752,s__2294,stand
1753,s__2295,coffee_table
1754,s__2296,coffee_table
1755,s__2297,coffee_table
1756,s__2298,coffee_table
1757,s__2299,coffee_table
1758,s__2300,coffee_table
1759,s__2301,coffee_table
1760,s__2302,shelving
1761,s__2303,shelving
1762,s__2304,stand
1763,s__2305,shelving
1764,s__2306,weight_scale
1765,s__2307,toilet_plunger
1766,s__2308,soap_dish
1767,s__2309,trash_can
1768,s__2310,soap_dispenser
1769,s__2311,shelving
1770,s__2312,towel_hanger
1771,s__2313,toiletries
1772,s__2314,hair_dryer
1773,s__2315,toy
1775,s__2317,toy
1776,s__2318,food
1777,s__2319,cake
1779,s__2321,food
1780,s__2322,bench_chair
1781,s__2323,bench_chair
1782,s__2324,bench_chair
1783,s__2325,bench_chair
1784,s__2326,bench_chair
1785,s__2327,bench_chair
1786,s__2328,bench_chair
1787,s__2329,bench_chair
1788,s__2330,bench_chair
1789,s__2331,bench_chair
1790,s__2332,bench_chair
1791,s__2333,bench_chair
1792,s__2334,toy
1793,s__2335,surveillance_camera
1794,s__2336,lawn_mower
1795,s__2337,safe
1796,s__2338,mailbox
1797,s__2339,kitchen_cabinet
1798,s__2340,chair
1799,s__2341,chair
1800,s__2342,partition
1801,s__2343,partition
1802,s__2344,dresser
1803,s__2345,safe
1804,s__2346,chair
1805,s__2347,double_bed
1806,s__2348,outdoor_spring
1807,s__2349,outdoor_spring
1808,s__2350,coffee_table
1809,s__2351,wardrobe_cabinet
1810,s__2352,wardrobe_cabinet
1811,s__2353,wardrobe_cabinet
1812,s__2354,wardrobe_cabinet
1813,s__2355,bookshelf
1814,s__2356,bookshelf
1815,s__2357,clock
1816,s__2358,fence
1817,s__2359,outdoor_seating
1818,s__2360,grill
1819,s__2361,grill
1820,s__2362,fence
1821,s__2363,toy
1822,s__2364,clock
1823,s__2365,clock
1824,s__2366,clock
1825,s__2367,clock
1826,s__2368,chandelier
1827,s__2369,chandelier
1828,s__2370,chandelier
1829,s__2371,chandelier
1830,s__2372,chandelier
1831,s__2373,table_lamp
1832,s__2374,floor_lamp
1833,s__2375,cart
1834,s__2376,cart
1835,s__2377,cart
1836,s__2378,cart
1837,s__2379,cart
1838,s__2380,cart
1839,s__2381,cart
1840,s__2382,cart
1841,s__2383,cart
1842,s__2384,cart
1843,s__2385,cart
1844,s__2386,cart
1845,s__2387,cart
1846,s__2388,shelving
1847,s__2389,shelving
1848,s__2390,shelving
1849,s__2391,shelving
1850,s__2392,shelving
1851,s__2393,shelving
1852,s__2394,shelving
1853,s__2395,shelving
1854,s__2396,shelving
1855,s__2397,shelving
1856,s__2398,shelving
1857,s__2399,shelving
1858,s__2400,shelving
1859,s__2401,shelving
1860,s__2402,shelving
1861,s__2403,shelving
1862,s__2404,wardrobe_cabinet
1863,s__2405,shelving
1864,s__2406,shelving
1865,s__2407,stand
1866,s__2408,sofa
1867,s__2409,sofa
1868,s__2410,sofa
1869,s__2411,sofa
1870,s__2412,sofa
1871,s__2413,armchair
1872,s__2414,armchair
1873,s__2415,armchair
1874,s__2416,armchair
1875,s__2417,ottoman
1876,s__2418,ottoman
1877,s__2419,ottoman
1878,s__2420,ottoman
1879,s__2421,ottoman
1880,s__2422,ottoman
1881,s__2423,ottoman
1882,s__2424,armchair
1883,s__2425,sofa
1884,s__2426,armchair
1885,s__2427,sofa
1886,s__2428,stand
1887,s__2429,armchair
1888,s__2430,armchair
1889,s__2431,armchair
1890,s__2432,armchair
1891,s__2433,armchair
1892,s__2434,armchair
1893,s__2435,armchair
1894,s__2436,armchair
1895,s__2437,armchair
1896,s__2438,ottoman
1897,s__2439,sofa
1898,s__2440,sofa
1899,s__2441,sofa
1900,s__2442,armchair
1901,s__2443,armchair
1902,s__2444,gym_equipment
1903,s__2445,wardrobe_cabinet
1904,s__2446,wardrobe_cabinet
1905,s__2447,wardrobe_cabinet
1906,s__2448,wardrobe_cabinet
1907,s__2449,wardrobe_cabinet
1908,s__2450,stand
1909,s__2451,wardrobe_cabinet
1910,s__2452,wardrobe_cabinet
1911,s__2453,shelving
1912,s__2617,wardrobe_cabinet
1913,s__2619,wardrobe_cabinet
1914,s__2620,wardrobe_cabinet
1915,s__2622,wardrobe_cabinet
1916,s__2623,wardrobe_cabinet
1917,s__361,sofa
1918,s__362,sofa
1919,s__363,sofa
1920,s__364,sofa
1921,s__365,sofa
1922,s__366,sofa
1923,s__367,sofa
1924,s__368,sofa
1925,s__369,sofa
1926,s__370,sofa
1927,s__371,sofa
1928,s__372,sofa
1929,s__373,sofa
1930,s__374,sofa
1931,s__375,sofa
1932,s__376,sofa
1933,s__377,sofa
1934,s__378,sofa
1935,s__379,sofa
1936,s__380,sofa
1937,s__382,sofa
1938,s__383,sofa
1939,s__384,sofa
1940,s__385,sofa
1941,s__386,sofa
1942,s__387,desk
1943,s__388,desk
1944,s__389,dresser
1945,s__390,desk
1946,s__391,wardrobe_cabinet
1947,s__392,desk
1948,s__393,shelving
1949,s__394,armchair
1950,s__395,armchair
1951,s__396,shelving
1952,s__397,wardrobe_cabinet
1953,s__398,shelving
1954,s__399,armchair
1955,s__400,single_bed
1956,s__401,single_bed
1957,s__402,sink
1958,s__403,single_bed
1959,s__404,single_bed
1960,s__405,sink
1961,s__406,single_bed
1962,s__407,baby_bed
1963,s__408,baby_bed
1964,s__409,sink
1965,s__410,sink
1966,s__411,shelving
1967,s__412,shelving
1968,s__413,shelving
1969,s__414,shelving
1970,s__415,shelving
1971,s__416,double_bed
1972,s__417,double_bed
1973,s__418,double_bed
1974,s__419,double_bed
1975,s__420,single_bed
1976,s__421,chair
1977,s__422,bunker_bed
1978,s__423,chair
1979,s__424,chair
1980,s__425,chair
1981,s__426,chair
1982,s__427,chair
1983,s__428,bunker_bed
1984,s__429,wardrobe_cabinet
1985,s__430,dresser
1986,s__431,wardrobe_cabinet
1987,s__432,wardrobe_cabinet
1988,s__433,chandelier
1989,s__434,coffee_table
1990,s__435,dining_table
1991,s__436,chandelier
1992,s__437,tv_stand
1993,s__438,tv_stand
1994,s__439,stand
1995,s__440,stand
1996,s__441,stand
1997,s__442,stand
1998,s__443,stand
1999,s__444,wardrobe_cabinet
2000,s__445,shelving
2001,s__446,tv_stand
2002,s__447,tv_stand
2003,s__448,tv_stand
2004,s__449,shelving
2005,s__450,wardrobe_cabinet
2006,s__451,chandelier
2007,s__452,tv_stand
2008,s__453,chair
2009,s__454,dresser
2010,s__455,dresser
2011,s__456,kitchen_cabinet
2012,s__457,kitchen_cabinet
2013,s__458,sofa
2014,s__459,tv_stand
2015,s__460,sofa
2016,s__461,sofa
2017,s__462,dressing_table
2018,s__463,shelving
2019,s__464,shelving
2020,s__465,tv_stand
2021,s__466,shoes_cabinet
2022,s__467,bookshelf
2023,s__468,sofa
2024,s__469,desk
2025,s__470,desk
2026,s__471,desk
2027,s__472,wardrobe_cabinet
2028,s__473,shelving
2029,s__474,chandelier
2030,s__475,desk
2031,s__476,desk
2032,s__477,sofa
2033,s__478,chandelier
2034,s__479,chandelier
2035,s__480,desk
2036,s__481,coffee_table
2037,s__482,desk
2038,s__483,desk
2039,s__484,desk
2040,s__485,desk
2041,s__486,chandelier
2042,s__487,chandelier
2043,s__488,chandelier
2044,s__489,desk
2045,s__490,shelving
2046,s__491,wardrobe_cabinet
2047,s__492,wardrobe_cabinet
2048,s__493,shelving
2049,s__494,wardrobe_cabinet
2050,s__495,wardrobe_cabinet
2051,s__496,wardrobe_cabinet
2052,s__497,shelving
2053,s__498,shelving
2054,s__499,stairs
2055,s__500,sofa
2056,s__501,sofa
2057,s__502,sofa
2058,s__503,sofa
2059,s__504,sofa
2060,s__505,floor_lamp
2061,s__506,floor_lamp
2062,s__507,floor_lamp
2063,s__508,floor_lamp
2064,s__509,floor_lamp
2065,s__510,shelving
2066,s__511,stand
2067,s__512,desk
2068,s__513,sofa
2069,s__514,sofa
2070,s__515,sofa
2071,s__516,tv_stand
2072,s__517,wardrobe_cabinet
2073,s__518,sofa
2074,s__519,wardrobe_cabinet
2075,s__520,shelving
2076,s__521,bookshelf
2077,s__522,dresser
2078,s__523,dresser
2079,s__524,bookshelf
2080,s__525,dresser
2081,s__526,dresser
2082,s__527,sofa
2083,s__528,sofa
2084,s__529,sofa
2085,s__530,sofa
2086,s__531,dresser
2087,s__532,dresser
2088,s__533,mirror
2089,s__536,sink
2090,s__537,wardrobe_cabinet
2091,s__538,mirror
2092,s__539,stand
2093,s__540,chair
2094,s__541,sink
2095,s__542,sink
2096,s__543,sofa
2097,s__544,mirror
2098,s__545,dining_table
2099,s__546,dining_table
2100,s__547,dining_table
2101,s__548,dining_table
2102,s__549,sofa
2103,s__550,wardrobe_cabinet
2104,s__551,coffee_table
2105,s__552,desk
2106,s__553,tv_stand
2107,s__554,coffee_table
2108,s__555,coffee_table
2109,s__556,shelving
2110,s__557,sink
2111,s__558,sink
2112,s__559,wardrobe_cabinet
2113,s__560,sink
2114,s__561,coffee_table
2115,s__562,wardrobe_cabinet
2116,s__563,dresser
2117,s__564,wardrobe_cabinet
2118,s__565,wardrobe_cabinet
2119,s__566,wardrobe_cabinet
2120,s__567,wardrobe_cabinet
2121,s__568,shelving
2122,s__569,tv_stand
2123,s__570,wardrobe_cabinet
2124,s__571,wardrobe_cabinet
2125,s__572,wardrobe_cabinet
2126,s__573,wardrobe_cabinet
2127,s__574,office_chair
2128,s__575,chair
2129,s__576,sink
2130,s__577,sink
2131,s__578,mirror
2132,s__579,vase
2133,s__580,table_lamp
2134,s__581,wardrobe_cabinet
2135,s__582,wardrobe_cabinet
2136,s__583,chair
2137,s__584,shoes_cabinet
2138,s__585,outdoor_seating
2139,s__586,outdoor_lamp
2140,s__587,sofa
2141,s__588,sofa
2142,s__589,bunker_bed
2143,s__590,wardrobe_cabinet
2144,s__591,wardrobe_cabinet
2145,s__592,dresser
2146,s__593,desk
2147,s__594,stand
2148,s__595,coffee_table
2149,s__596,chair
2150,s__597,coffee_table
2151,s__598,sofa
2152,s__599,coffee_table
2153,s__600,chair
2154,s__601,chair
2155,s__602,sofa
2156,s__603,sofa
2157,s__604,coffee_table
2158,s__605,outdoor_seating
2159,s__606,outdoor_seating
2160,s__607,outdoor_seating
2161,s__608,outdoor_seating
2162,s__609,outdoor_seating
2163,s__610,outdoor_seating
2164,s__611,armchair
2165,s__612,stand
2166,s__613,outdoor_seating
2167,s__614,outdoor_seating
2168,s__615,chair
2169,s__616,shelving
2170,s__617,wardrobe_cabinet
2171,s__618,wardrobe_cabinet
2172,s__619,single_bed
2173,s__620,wardrobe_cabinet
2174,s__621,chair
2175,s__622,chair
2176,s__623,chair
2177,s__624,chair
2178,s__625,chair
2179,s__626,chair
2180,s__627,chair
2181,s__628,chair
2182,s__629,chair
2183,s__630,chair
2184,s__631,chair
2185,s__632,chair
2186,s__633,chair
2187,s__634,outdoor_seating
2188,s__635,table_and_chair
2189,s__636,table_and_chair
2190,s__637,table_and_chair
2191,s__638,sofa
2192,s__639,chair_set
2193,s__640,chair_set
2194,s__641,chair_set
2195,s__642,sofa
2196,s__643,sofa
2197,s__644,sofa
2198,s__645,sofa
2199,s__646,sofa
2200,s__647,sofa
2201,s__648,sofa
2202,s__649,sofa
2203,s__650,sofa
2204,s__651,sofa
2205,s__652,sofa
2206,s__653,sofa
2207,s__654,sofa
2208,s__655,sofa
2209,s__656,sofa
2210,s__657,sofa
2211,s__658,sofa
2212,s__659,shelving
2213,s__660,sofa
2214,s__661,sofa
2215,s__662,stand
2216,s__663,stand
2217,s__664,stand
2218,s__665,stand
2219,s__666,stand
2220,s__667,office_chair
2221,s__668,office_chair
2222,s__669,office_chair
2223,s__670,office_chair
2224,s__671,office_chair
2225,s__672,office_chair
2226,s__673,tv_stand
2227,s__674,tv_stand
2228,s__675,tv_stand
2229,s__676,tv_stand
2230,s__677,floor_lamp
2231,s__678,floor_lamp
2232,s__679,floor_lamp
2233,s__680,tv_stand
2234,s__681,stand
2235,s__682,stand
2236,s__683,dresser
2237,s__684,stand
2238,s__685,stand
2239,s__686,stand
2240,s__687,stand
2241,s__688,dining_table
2242,s__689,dining_table
2243,s__690,dining_table
2244,s__691,dining_table
2245,s__692,dresser
2246,s__693,tv_stand
2247,s__694,tv_stand
2248,s__695,tv_stand
2249,s__696,dining_table
2250,s__697,dining_table
2251,s__698,dining_table
2252,s__699,coffee_table
2253,s__700,tv_stand
2254,s__701,tv_stand
2255,s__702,tv_stand
2256,s__703,tv_stand
2257,s__704,tv_stand
2258,s__705,tv_stand
2259,s__706,tv_stand
2260,s__707,tv_stand
2261,s__708,floor_lamp
2262,s__709,floor_lamp
2263,s__710,floor_lamp
2264,s__711,floor_lamp
2265,s__712,floor_lamp
2266,s__713,floor_lamp
2267,s__714,desk
2268,s__715,dining_table
2269,s__716,dining_table
2270,s__717,dining_table
2271,s__718,stand
2272,s__719,desk
2273,s__720,dining_table
2274,s__721,desk
2275,s__722,desk
2276,s__723,shoes_cabinet
2277,s__724,chair
2278,s__725,chair
2279,s__726,chair
2280,s__727,chair
2281,s__728,hanger
2282,s__729,hanger
2283,s__730,hanger
2284,s__731,hanger
2285,s__732,hanger
2286,s__733,hanger
2287,s__734,desk
2288,s__735,dining_table
2289,s__736,dining_table
2290,s__737,dining_table
2291,s__738,dining_table
2292,s__739,dining_table
2293,s__740,dining_table
2294,s__741,dining_table
2295,s__742,table_lamp
2296,s__743,table_lamp
2297,s__744,table_lamp
2298,s__745,table_lamp
2299,s__746,dresser
2300,s__747,wardrobe_cabinet
2301,s__748,dresser
2302,s__749,shoes_cabinet
2303,s__750,shoes_cabinet
2304,s__751,shoes_cabinet
2305,s__752,shoes_cabinet
2306,s__753,shoes_cabinet
2307,s__754,shoes_cabinet
2308,s__755,shoes_cabinet
2309,s__756,wardrobe_cabinet
2310,s__757,bookshelf
2311,s__758,bookshelf
2312,s__759,wall_lamp
2313,s__760,wall_lamp
2314,s__761,wall_lamp
2315,s__762,wall_lamp
2316,s__763,wall_lamp
2317,s__764,table_lamp
2318,s__765,table_lamp
2319,s__766,table_lamp
2320,s__767,table_lamp
2321,s__768,floor_lamp
2322,s__769,chair
2323,s__770,chair
2324,s__771,chair
2325,s__772,chair
2326,s__773,chair
2327,s__774,chair
2328,s__775,bookshelf
2329,s__776,bookshelf
2330,s__777,wardrobe_cabinet
2331,s__778,wardrobe_cabinet
2332,s__779,dresser
2333,s__780,shelving
2334,s__781,tv_stand
2335,s__782,shelving
2336,s__783,shelving
2337,s__784,shelving
2338,s__785,dresser
2339,s__786,stand
2340,s__787,dresser
2341,s__788,dresser
2342,s__789,tv_stand
2343,s__790,shelving
2344,s__791,shelving
2345,s__792,shelving
2346,s__793,shelving
2347,s__794,shelving
2348,s__795,shelving
2349,s__796,shelving
2350,s__797,table_lamp
2351,s__798,table_lamp
2352,s__799,table_lamp
2353,s__800,table_lamp
2354,s__801,table_lamp
2355,s__802,chair
2356,s__803,chair
2357,s__804,chair
2358,s__805,chair
2359,s__806,desk
2360,s__807,chair
2361,s__808,chair
2362,s__809,chair
2363,s__810,dresser
2364,s__811,chair
2365,s__812,chair
2366,s__813,chair
2367,s__814,chair
2368,s__815,sofa
2369,s__816,sofa
2370,s__817,sofa
2371,s__818,chair
2372,s__819,chair
2373,s__820,chair
2374,s__821,chair
2375,s__822,chair
2376,s__823,chair
2377,s__824,chair
2378,s__825,chair
2379,s__826,chair
2380,s__827,chair
2381,s__828,sink
2382,s__829,sink
2383,s__830,sink
2384,s__831,ottoman
2385,s__832,ottoman
2386,s__833,ottoman
2387,s__834,ottoman
2388,s__835,ottoman
2389,s__836,ottoman
2390,s__837,ottoman
2391,s__838,ottoman
2392,s__839,ottoman
2393,s__840,ottoman
2394,s__841,ottoman
2395,s__842,ottoman
2396,s__843,ottoman
2397,s__844,ottoman
2398,s__845,ottoman
2399,s__846,wardrobe_cabinet
2400,s__847,wardrobe_cabinet
2401,s__848,wardrobe_cabinet
2402,s__849,wardrobe_cabinet
2403,s__850,wardrobe_cabinet
2404,s__851,wardrobe_cabinet
2405,s__852,stand
2406,s__853,wardrobe_cabinet
2407,s__854,stand
2408,s__855,wardrobe_cabinet
2409,s__856,wardrobe_cabinet
2410,s__857,wardrobe_cabinet
2411,s__858,stand
2412,s__859,wardrobe_cabinet
2413,s__860,wardrobe_cabinet
2414,s__861,wardrobe_cabinet
2415,s__862,wardrobe_cabinet
2416,s__863,stand
2417,s__864,stand
2418,s__865,wardrobe_cabinet
2419,s__866,stand
2420,s__867,stand
2421,s__868,range_hood_with_cabinet
2422,s__869,range_hood
2423,s__870,range_hood_with_cabinet
2424,s__871,range_hood
2425,s__872,range_hood_with_cabinet
2426,s__873,range_hood
2427,s__874,range_hood
2428,s__875,hanging_kitchen_cabinet
2429,s__876,shelving
2430,s__877,shelving
2431,s__878,cart
2432,s__879,range_hood
2433,s__880,range_hood
2434,s__881,double_bed
2435,s__882,double_bed
2436,s__883,double_bed
2437,s__884,double_bed
2438,s__885,single_bed
2439,s__886,single_bed
2440,s__887,baby_bed
2441,s__888,baby_bed
2442,s__889,baby_bed
2443,s__890,baby_bed
2444,s__891,baby_bed
2445,s__892,baby_bed
2446,s__893,double_bed
2447,s__894,double_bed
2448,s__895,tv_stand
2449,s__896,tv_stand
2450,s__897,wardrobe_cabinet
2451,s__898,wardrobe_cabinet
2452,s__899,wardrobe_cabinet
2453,s__900,wardrobe_cabinet
2454,s__901,wardrobe_cabinet
2455,s__902,wardrobe_cabinet
2456,s__903,wardrobe_cabinet
2457,s__904,cart
2458,s__905,kitchen_cabinet
2459,s__906,kitchen_cabinet
2460,s__907,kitchen_cabinet
2461,s__908,hanging_kitchen_cabinet
2462,s__909,hanging_kitchen_cabinet
2463,s__910,kitchen_cabinet
2464,s__911,kitchen_cabinet
2465,s__912,kitchen_cabinet
2466,s__913,kitchen_cabinet
2467,s__914,kitchen_cabinet
2468,s__915,kitchen_cabinet
2469,s__916,kitchen_cabinet
2470,s__917,stand
2471,s__918,kitchen_cabinet
2472,s__919,kitchen_cabinet
2473,s__920,kitchen_cabinet
2474,s__921,kitchen_cabinet
2475,s__922,kitchen_cabinet
2476,s__923,storage_bench
2477,s__924,cart
2478,s__925,storage_bench
2479,s__926,shelving
2481,s__928,storage_bench
2482,s__929,shelving
2483,s__930,shelving
2484,s__931,shelving
2485,s__932,shelving
2486,s__933,shelving
2487,s__934,wardrobe_cabinet
2488,s__935,wardrobe_cabinet
2489,s__936,wardrobe_cabinet
2490,s__937,wardrobe_cabinet
2491,s__938,wardrobe_cabinet
2492,s__939,wardrobe_cabinet
2493,s__940,wardrobe_cabinet
2494,s__941,wardrobe_cabinet
2495,s__942,wardrobe_cabinet
2496,s__943,wardrobe_cabinet
2497,s__944,shelving
2498,s__945,shelving
2499,s__946,shelving
2500,s__947,shelving
2501,s__948,shelving
2502,s__949,shelving
2503,s__950,hanging_kitchen_cabinet
2504,s__951,hanging_kitchen_cabinet
2505,s__952,hanging_kitchen_cabinet
2506,s__953,hanging_kitchen_cabinet
2507,s__954,hanging_kitchen_cabinet
2508,s__955,hanging_kitchen_cabinet
2509,s__956,hanging_kitchen_cabinet
2510,s__957,hanging_kitchen_cabinet
2511,s__958,kitchen_cabinet
2512,s__959,kitchen_cabinet
2513,s__960,kitchen_cabinet
2514,s__961,kitchen_cabinet
2515,s__962,kitchen_cabinet
2516,s__963,kitchen_cabinet
2517,s__964,kitchen_cabinet
2518,s__965,chair
2519,s__966,chair
2520,s__967,chair
2521,s__968,chair
2522,s__969,storage_bench
2523,s__970,shelving
2524,s__971,kitchen_set
2525,s__972,kitchen_set
2526,s__973,kitchen_set
2527,s__974,kitchen_set
2528,s__975,kitchen_set
2529,s__976,kitchen_set
2530,s__977,kitchen_set
2531,s__978,kitchen_set
2532,s__979,kitchen_set
2533,s__980,kitchen_set
2534,s__981,kitchen_set
2535,s__982,double_bed
2536,s__983,wardrobe_cabinet
2537,s__984,wardrobe_cabinet
2538,s__985,wardrobe_cabinet
2539,s__986,wardrobe_cabinet
2540,s__987,wardrobe_cabinet
2541,s__988,wardrobe_cabinet
2542,s__989,wardrobe_cabinet
2543,s__990,wardrobe_cabinet
2544,s__991,wardrobe_cabinet
2545,s__992,stand
2546,s__993,stand
2547,s__994,stand
2548,s__995,stand
2549,s__996,stand
2550,s__997,stand
2551,s__998,stand
2552,s__999,stand
